{"cameraMode":{"drawMode":0,"name":"Shaded","section":"Shading Mode"},"sceneLighting":true,"audioPlay":false,"sceneViewState":{"m_AlwaysRefresh":false,"showFog":true,"showSkybox":true,"showFlares":true,"showImageEffects":true,"showParticleSystems":true,"showVisualEffectGraphs":true,"m_FxEnabled":true},"in2DMode":false,"pivot":{"x":13.062183380126954,"y":-17.311588287353517,"z":-17.246644973754884},"rotation":{"x":-0.03561265394091606,"y":-0.9590895771980286,"z":0.24326081573963166,"w":-0.14043359458446504},"size":12.168484687805176,"orthographic":false}