{"cameraMode":{"drawMode":0,"name":"Shaded","section":"Shading Mode"},"sceneLighting":false,"audioPlay":false,"sceneViewState":{"m_AlwaysRefresh":false,"showFog":true,"showSkybox":false,"showFlares":true,"showImageEffects":true,"showParticleSystems":true,"showVisualEffectGraphs":true,"m_FxEnabled":true},"in2DMode":false,"pivot":{"x":0.008110344409942627,"y":-0.024378661066293718,"z":0.013646242208778859},"rotation":{"x":-0.039013274013996127,"y":-0.9446101784706116,"z":0.12196298688650131,"w":-0.3023052215576172},"size":1.9122341871261597,"orthographic":false}